ID,TTL,TransmissionPower,TransmissionsNumber,IntervalTime,PDRSend,PDRReceived,DeviceID
1,2,1,1,1,51,46,1
2,2,1,1,2,51,46,1
3,2,1,1,3,51,47,1
4,2,1,1,4,51,51,1
5,2,1,1,5,51,51,1
6,2,1,3,1,51,51,1
7,2,1,3,2,51,51,1
8,2,1,3,3,51,50,1
9,2,1,3,4,51,51,1
10,2,1,3,5,51,48,1
11,2,1,5,1,51,50,1
12,2,1,5,2,51,50,1
13,2,1,5,3,51,51,1
14,2,1,5,4,51,51,1
15,2,1,5,5,51,51,1
16,2,3,1,1,51,51,1
17,2,3,1,2,51,46,1
18,2,3,1,3,51,51,1
19,2,3,1,4,51,48,1
20,2,3,1,5,51,48,1
21,2,3,3,1,51,50,1
22,2,3,3,2,51,51,1
23,2,3,3,3,51,51,1
24,2,3,3,4,51,50,1
25,2,3,3,5,51,47,1
26,2,3,5,1,51,51,1
27,2,3,5,2,51,47,1
28,2,3,5,3,51,51,1
29,2,3,5,4,51,51,1
30,2,3,5,5,51,49,1
31,2,6,1,1,51,49,1
32,2,6,1,2,51,49,1
33,2,6,1,3,51,50,1
34,2,6,1,4,51,48,1
35,2,6,1,5,51,48,1
36,2,6,3,1,51,51,1
37,2,6,3,2,51,51,1
38,2,6,3,3,51,51,1
39,2,6,3,4,51,50,1
40,2,6,3,5,51,48,1
41,2,6,5,1,51,51,1
42,2,6,5,2,51,51,1
43,2,6,5,3,51,51,1
44,2,6,5,4,51,51,1
45,2,6,5,5,51,51,1
46,3,1,1,1,51,49,1
47,3,1,1,2,51,51,1
48,3,1,1,3,51,51,1
49,3,1,1,4,51,51,1
50,3,1,1,5,51,51,1
51,3,1,3,1,51,49,1
52,3,1,3,2,51,51,1
53,3,1,3,3,51,51,1
54,3,1,3,4,51,51,1
55,3,1,3,5,51,48,1
56,3,1,5,1,51,51,1
57,3,1,5,2,51,51,1
58,3,1,5,3,51,51,1
59,3,1,5,4,51,48,1
60,3,1,5,5,51,51,1
61,3,3,1,1,51,46,1
62,3,3,1,2,51,51,1
63,3,3,1,3,51,48,1
64,3,3,1,4,51,51,1
65,3,3,1,5,51,51,1
66,3,3,3,1,51,51,1
67,3,3,3,2,51,51,1
68,3,3,3,3,51,49,1
69,3,3,3,4,51,51,1
70,3,3,3,5,51,49,1
71,3,3,5,1,51,48,1
72,3,3,5,2,51,47,1
73,3,3,5,3,51,51,1
74,3,3,5,4,51,51,1
75,3,3,5,5,51,51,1
76,3,6,1,1,51,49,1
77,3,6,1,2,51,48,1
78,3,6,1,3,51,49,1
79,3,6,1,4,51,51,1
80,3,6,1,5,51,51,1
81,3,6,3,1,51,51,1
82,3,6,3,2,51,47,1
83,3,6,3,3,51,51,1
84,3,6,3,4,51,50,1
85,3,6,3,5,51,49,1
86,3,6,5,1,51,48,1
87,3,6,5,2,51,48,1
88,3,6,5,3,51,50,1
89,3,6,5,4,51,51,1
90,3,6,5,5,51,51,1
91,4,1,1,1,51,51,1
92,4,1,1,2,51,50,1
93,4,1,1,3,51,51,1
94,4,1,1,4,51,50,1
95,4,1,1,5,51,50,1
96,4,1,3,1,51,51,1
97,4,1,3,2,51,50,1
98,4,1,3,3,51,51,1
99,4,1,3,4,51,51,1
100,4,1,3,5,51,51,1
101,4,1,5,1,51,51,1
102,4,1,5,2,51,51,1
103,4,1,5,3,51,51,1
104,4,1,5,4,51,50,1
105,4,1,5,5,51,51,1
106,4,3,1,1,51,51,1
107,4,3,1,2,51,51,1
108,4,3,1,3,51,46,1
109,4,3,1,4,51,51,1
110,4,3,1,5,51,50,1
111,4,3,3,1,51,51,1
112,4,3,3,2,51,49,1
113,4,3,3,3,51,47,1
114,4,3,3,4,51,51,1
115,4,3,3,5,51,51,1
116,4,3,5,1,51,51,1
117,4,3,5,2,51,50,1
118,4,3,5,3,51,51,1
119,4,3,5,4,51,51,1
120,4,3,5,5,51,51,1
121,4,6,1,1,51,46,1
122,4,6,1,2,51,46,1
123,4,6,1,3,51,51,1
124,4,6,1,4,51,51,1
125,4,6,1,5,51,48,1
126,4,6,3,1,51,51,1
127,4,6,3,2,51,49,1
128,4,6,3,3,51,47,1
129,4,6,3,4,51,51,1
130,4,6,3,5,51,47,1
131,4,6,5,1,51,51,1
132,4,6,5,2,51,51,1
133,4,6,5,3,51,51,1
134,4,6,5,4,51,51,1
135,4,6,5,5,51,47,1
136,5,1,1,1,51,51,1
137,5,1,1,2,51,51,1
138,5,1,1,3,51,51,1
139,5,1,1,4,51,51,1
140,5,1,1,5,51,51,1
141,5,1,3,1,51,51,1
142,5,1,3,2,51,47,1
143,5,1,3,3,51,51,1
144,5,1,3,4,51,51,1
145,5,1,3,5,51,47,1
146,5,1,5,1,51,47,1
147,5,1,5,2,51,51,1
148,5,1,5,3,51,49,1
149,5,1,5,4,51,51,1
150,5,1,5,5,51,47,1
151,5,3,1,1,51,51,1
152,5,3,1,2,51,51,1
153,5,3,1,3,51,50,1
154,5,3,1,4,51,50,1
155,5,3,1,5,51,51,1
156,5,3,3,1,51,51,1
157,5,3,3,2,51,49,1
158,5,3,3,3,51,51,1
159,5,3,3,4,51,48,1
160,5,3,3,5,51,49,1
161,5,3,5,1,51,48,1
162,5,3,5,2,51,51,1
163,5,3,5,3,51,51,1
164,5,3,5,4,51,49,1
165,5,3,5,5,51,50,1
166,5,6,1,1,51,51,1
167,5,6,1,2,51,49,1
168,5,6,1,3,51,51,1
169,5,6,1,4,51,51,1
170,5,6,1,5,51,50,1
171,5,6,3,1,51,51,1
172,5,6,3,2,51,50,1
173,5,6,3,3,51,51,1
174,5,6,3,4,51,47,1
175,5,6,3,5,51,51,1
176,5,6,5,1,51,49,1
177,5,6,5,2,51,51,1
178,5,6,5,3,51,51,1
179,5,6,5,4,51,51,1
180,5,6,5,5,51,51,1
181,2,1,1,1,51,50,1
182,2,1,1,2,51,51,1
183,2,1,1,3,51,51,1
184,2,1,1,4,51,51,1
185,2,1,1,5,51,47,1
186,2,1,3,1,51,51,1
187,2,1,3,2,51,51,1
188,2,1,3,3,51,51,1
189,2,1,3,4,51,51,1
190,2,1,3,5,51,48,1
191,2,1,5,1,51,49,1
192,2,1,5,2,51,51,1
193,2,1,5,3,51,50,1
194,2,1,5,4,51,49,1
195,2,1,5,5,51,51,1
196,2,3,1,1,51,47,1
197,2,3,1,2,51,46,1
198,2,3,1,3,51,49,1
199,2,3,1,4,51,51,1
200,2,3,1,5,51,51,1
201,2,3,3,1,51,51,1
202,2,3,3,2,51,51,1
203,2,3,3,3,51,51,1
204,2,3,3,4,51,51,1
205,2,3,3,5,51,48,1
206,2,3,5,1,51,51,1
207,2,3,5,2,51,51,1
208,2,3,5,3,51,51,1
209,2,3,5,4,51,50,1
210,2,3,5,5,51,51,1
211,2,6,1,1,51,51,1
212,2,6,1,2,51,51,1
213,2,6,1,3,51,46,1
214,2,6,1,4,51,51,1
215,2,6,1,5,51,50,1
216,2,6,3,1,51,51,1
217,2,6,3,2,51,51,1
218,2,6,3,3,51,51,1
219,2,6,3,4,51,51,1
220,2,6,3,5,51,50,1
221,2,6,5,1,51,48,1
222,2,6,5,2,51,51,1
223,2,6,5,3,51,51,1
224,2,6,5,4,51,51,1
225,2,6,5,5,51,51,1
226,3,1,1,1,51,47,1
227,3,1,1,2,51,46,1
228,3,1,1,3,51,51,1
229,3,1,1,4,51,47,1
230,3,1,1,5,51,46,1
231,3,1,3,1,51,48,1
232,3,1,3,2,51,50,1
233,3,1,3,3,51,51,1
234,3,1,3,4,51,51,1
235,3,1,3,5,51,51,1
236,3,1,5,1,51,47,1
237,3,1,5,2,51,50,1
238,3,1,5,3,51,51,1
239,3,1,5,4,51,50,1
240,3,1,5,5,51,51,1
241,3,3,1,1,51,51,1
242,3,3,1,2,51,51,1
243,3,3,1,3,51,51,1
244,3,3,1,4,51,48,1
245,3,3,1,5,51,51,1
246,3,3,3,1,51,50,1
247,3,3,3,2,51,51,1
248,3,3,3,3,51,49,1
249,3,3,3,4,51,50,1
250,3,3,3,5,51,51,1
251,3,3,5,1,51,48,1
252,3,3,5,2,51,51,1
253,3,3,5,3,51,50,1
254,3,3,5,4,51,48,1
255,3,3,5,5,51,50,1
256,3,6,1,1,51,47,1
257,3,6,1,2,51,46,1
258,3,6,1,3,51,49,1
259,3,6,1,4,51,51,1
260,3,6,1,5,51,48,1
261,3,6,3,1,51,49,1
262,3,6,3,2,51,51,1
263,3,6,3,3,51,51,1
264,3,6,3,4,51,51,1
265,3,6,3,5,51,47,1
266,3,6,5,1,51,51,1
267,3,6,5,2,51,51,1
268,3,6,5,3,51,51,1
269,3,6,5,4,51,47,1
270,3,6,5,5,51,51,1
271,4,1,1,1,51,51,1
272,4,1,1,2,51,49,1
273,4,1,1,3,51,51,1
274,4,1,1,4,51,49,1
275,4,1,1,5,51,49,1
276,4,1,3,1,51,50,1
277,4,1,3,2,51,51,1
278,4,1,3,3,51,51,1
279,4,1,3,4,51,51,1
280,4,1,3,5,51,51,1
281,4,1,5,1,51,48,1
282,4,1,5,2,51,47,1
283,4,1,5,3,51,51,1
284,4,1,5,4,51,51,1
285,4,1,5,5,51,49,1
286,4,3,1,1,51,51,1
287,4,3,1,2,51,46,1
288,4,3,1,3,51,51,1
289,4,3,1,4,51,51,1
290,4,3,1,5,51,50,1
291,4,3,3,1,51,51,1
292,4,3,3,2,51,48,1
293,4,3,3,3,51,51,1
294,4,3,3,4,51,51,1
295,4,3,3,5,51,48,1
296,4,3,5,1,51,49,1
297,4,3,5,2,51,51,1
298,4,3,5,3,51,51,1
299,4,3,5,4,51,51,1
300,4,3,5,5,51,51,1
301,4,6,1,1,51,46,1
302,4,6,1,2,51,47,1
303,4,6,1,3,51,51,1
304,4,6,1,4,51,49,1
305,4,6,1,5,51,47,1
306,4,6,3,1,51,51,1
307,4,6,3,2,51,49,1
308,4,6,3,3,51,51,1
309,4,6,3,4,51,51,1
310,4,6,3,5,51,50,1
311,4,6,5,1,51,51,1
312,4,6,5,2,51,51,1
313,4,6,5,3,51,51,1
314,4,6,5,4,51,50,1
315,4,6,5,5,51,51,1
316,5,1,1,1,51,51,1
317,5,1,1,2,51,49,1
318,5,1,1,3,51,51,1
319,5,1,1,4,51,49,1
320,5,1,1,5,51,51,1
321,5,1,3,1,51,48,1
322,5,1,3,2,51,51,1
323,5,1,3,3,51,47,1
324,5,1,3,4,51,51,1
325,5,1,3,5,51,51,1
326,5,1,5,1,51,47,1
327,5,1,5,2,51,51,1
328,5,1,5,3,51,51,1
329,5,1,5,4,51,47,1
330,5,1,5,5,51,50,1
331,5,3,1,1,51,51,1
332,5,3,1,2,51,46,1
333,5,3,1,3,51,47,1
334,5,3,1,4,51,51,1
335,5,3,1,5,51,51,1
336,5,3,3,1,51,51,1
337,5,3,3,2,51,51,1
338,5,3,3,3,51,50,1
339,5,3,3,4,51,51,1
340,5,3,3,5,51,47,1
341,5,3,5,1,51,50,1
342,5,3,5,2,51,51,1
343,5,3,5,3,51,50,1
344,5,3,5,4,51,51,1
345,5,3,5,5,51,49,1
346,5,6,1,1,51,51,1
347,5,6,1,2,51,48,1
348,5,6,1,3,51,48,1
349,5,6,1,4,51,46,1
350,5,6,1,5,51,47,1
351,5,6,3,1,51,51,1
352,5,6,3,2,51,51,1
353,5,6,3,3,51,50,1
354,5,6,3,4,51,51,1
355,5,6,3,5,51,50,1
356,5,6,5,1,51,51,1
357,5,6,5,2,51,51,1
358,5,6,5,3,51,51,1
359,5,6,5,4,51,48,1
360,5,6,5,5,51,51,1
361,2,1,1,1,51,48,1
362,2,1,1,2,51,51,1
363,2,1,1,3,51,51,1
364,2,1,1,4,51,47,1
365,2,1,1,5,51,51,1
366,2,1,3,1,51,49,1
367,2,1,3,2,51,51,1
368,2,1,3,3,51,48,1
369,2,1,3,4,51,51,1
370,2,1,3,5,51,51,1
371,2,1,5,1,51,51,1
372,2,1,5,2,51,47,1
373,2,1,5,3,51,51,1
374,2,1,5,4,51,51,1
375,2,1,5,5,51,51,1
376,2,3,1,1,51,51,1
377,2,3,1,2,51,51,1
378,2,3,1,3,51,46,1
379,2,3,1,4,51,46,1
380,2,3,1,5,51,50,1
381,2,3,3,1,51,51,1
382,2,3,3,2,51,48,1
383,2,3,3,3,51,48,1
384,2,3,3,4,51,51,1
385,2,3,3,5,51,49,1
386,2,3,5,1,51,50,1
387,2,3,5,2,51,51,1
388,2,3,5,3,51,48,1
389,2,3,5,4,51,51,1
390,2,3,5,5,51,49,1
391,2,6,1,1,51,48,1
392,2,6,1,2,51,51,1
393,2,6,1,3,51,50,1
394,2,6,1,4,51,51,1
395,2,6,1,5,51,51,1
396,2,6,3,1,51,51,1
397,2,6,3,2,51,51,1
398,2,6,3,3,51,51,1
399,2,6,3,4,51,51,1
400,2,6,3,5,51,50,1
401,2,6,5,1,51,49,1
402,2,6,5,2,51,51,1
403,2,6,5,3,51,51,1
404,2,6,5,4,51,51,1
405,2,6,5,5,51,48,1
406,3,1,1,1,51,49,1
407,3,1,1,2,51,46,1
408,3,1,1,3,51,46,1
409,3,1,1,4,51,46,1
410,3,1,1,5,51,50,1
411,3,1,3,1,51,51,1
412,3,1,3,2,51,47,1
413,3,1,3,3,51,50,1
414,3,1,3,4,51,51,1
415,3,1,3,5,51,51,1
416,3,1,5,1,51,51,1
417,3,1,5,2,51,51,1
418,3,1,5,3,51,49,1
419,3,1,5,4,51,51,1
420,3,1,5,5,51,48,1
421,3,3,1,1,51,50,1
422,3,3,1,2,51,51,1
423,3,3,1,3,51,51,1
424,3,3,1,4,51,51,1
425,3,3,1,5,51,51,1
426,3,3,3,1,51,51,1
427,3,3,3,2,51,51,1
428,3,3,3,3,51,51,1
429,3,3,3,4,51,47,1
430,3,3,3,5,51,51,1
431,3,3,5,1,51,51,1
432,3,3,5,2,51,51,1
433,3,3,5,3,51,51,1
434,3,3,5,4,51,49,1
435,3,3,5,5,51,49,1
436,3,6,1,1,51,51,1
437,3,6,1,2,51,51,1
438,3,6,1,3,51,51,1
439,3,6,1,4,51,50,1
440,3,6,1,5,51,48,1
441,3,6,3,1,51,50,1
442,3,6,3,2,51,51,1
443,3,6,3,3,51,47,1
444,3,6,3,4,51,47,1
445,3,6,3,5,51,51,1
446,3,6,5,1,51,48,1
447,3,6,5,2,51,51,1
448,3,6,5,3,51,51,1
449,3,6,5,4,51,51,1
450,3,6,5,5,51,51,1
451,4,1,1,1,51,51,1
452,4,1,1,2,51,51,1
453,4,1,1,3,51,51,1
454,4,1,1,4,51,48,1
455,4,1,1,5,51,51,1
456,4,1,3,1,51,47,1
457,4,1,3,2,51,51,1
458,4,1,3,3,51,51,1
459,4,1,3,4,51,51,1
460,4,1,3,5,51,51,1
461,4,1,5,1,51,51,1
462,4,1,5,2,51,51,1
463,4,1,5,3,51,51,1
464,4,1,5,4,51,50,1
465,4,1,5,5,51,51,1
466,4,3,1,1,51,51,1
467,4,3,1,2,51,51,1
468,4,3,1,3,51,51,1
469,4,3,1,4,51,50,1
470,4,3,1,5,51,51,1
471,4,3,3,1,51,47,1
472,4,3,3,2,51,51,1
473,4,3,3,3,51,51,1
474,4,3,3,4,51,48,1
475,4,3,3,5,51,49,1
476,4,3,5,1,51,51,1
477,4,3,5,2,51,51,1
478,4,3,5,3,51,51,1
479,4,3,5,4,51,51,1
480,4,3,5,5,51,51,1
481,4,6,1,1,51,46,1
482,4,6,1,2,51,48,1
483,4,6,1,3,51,51,1
484,4,6,1,4,51,49,1
485,4,6,1,5,51,48,1
486,4,6,3,1,51,51,1
487,4,6,3,2,51,49,1
488,4,6,3,3,51,51,1
489,4,6,3,4,51,51,1
490,4,6,3,5,51,51,1
491,4,6,5,1,51,51,1
492,4,6,5,2,51,47,1
493,4,6,5,3,51,47,1
494,4,6,5,4,51,51,1
495,4,6,5,5,51,51,1
496,5,1,1,1,51,49,1
497,5,1,1,2,51,46,1
498,5,1,1,3,51,51,1
499,5,1,1,4,51,50,1
500,5,1,1,5,51,48,1
501,5,1,3,1,51,48,1
502,5,1,3,2,51,51,1
503,5,1,3,3,51,51,1
504,5,1,3,4,51,47,1
505,5,1,3,5,51,51,1
506,5,1,5,1,51,48,1
507,5,1,5,2,51,51,1
508,5,1,5,3,51,51,1
509,5,1,5,4,51,51,1
510,5,1,5,5,51,51,1
511,5,3,1,1,51,47,1
512,5,3,1,2,51,51,1
513,5,3,1,3,51,50,1
514,5,3,1,4,51,47,1
515,5,3,1,5,51,47,1
516,5,3,3,1,51,50,1
517,5,3,3,2,51,49,1
518,5,3,3,3,51,51,1
519,5,3,3,4,51,50,1
520,5,3,3,5,51,51,1
521,5,3,5,1,51,51,1
522,5,3,5,2,51,47,1
523,5,3,5,3,51,51,1
524,5,3,5,4,51,51,1
525,5,3,5,5,51,51,1
526,5,6,1,1,51,51,1
527,5,6,1,2,51,50,1
528,5,6,1,3,51,51,1
529,5,6,1,4,51,51,1
530,5,6,1,5,51,51,1
531,5,6,3,1,51,51,1
532,5,6,3,2,51,51,1
533,5,6,3,3,51,48,1
534,5,6,3,4,51,50,1
535,5,6,3,5,51,51,1
536,5,6,5,1,51,51,1
537,5,6,5,2,51,51,1
538,5,6,5,3,51,47,1
539,5,6,5,4,51,51,1
540,5,6,5,5,51,50,1
541,2,1,1,2,51,49,1
542,2,1,1,3,51,51,1
543,2,1,1,4,51,51,1
544,2,1,1,5,51,51,1
545,2,1,3,1,51,51,1
546,2,1,3,2,51,51,1
547,2,1,3,3,51,51,1
548,2,1,3,4,51,47,1
549,2,1,3,5,51,49,1
550,2,1,5,1,51,51,1
551,2,1,5,2,51,51,1
552,2,1,5,3,51,51,1
553,2,1,5,4,51,51,1
554,2,1,5,5,51,47,1
555,2,3,1,1,51,47,1
556,2,3,1,2,51,51,1
557,2,3,1,3,51,51,1
558,2,3,1,4,51,51,1
559,2,3,1,5,51,49,1
560,2,3,3,1,51,47,1
561,2,3,3,2,51,50,1
562,2,3,3,3,51,48,1
563,2,3,3,4,51,50,1
564,2,3,3,5,51,51,1
565,2,3,5,1,51,51,1
566,2,3,5,2,51,48,1
567,2,3,5,3,51,47,1
568,2,3,5,4,51,51,1
569,2,3,5,5,51,48,1
570,2,6,1,1,51,46,1
571,2,6,1,2,51,50,1
572,2,6,1,3,51,51,1
573,2,6,1,4,51,47,1
574,2,6,1,5,51,51,1
575,2,6,3,1,51,49,1
576,2,6,3,2,51,51,1
577,2,6,3,3,51,51,1
578,2,6,3,4,51,48,1
579,2,6,3,5,51,51,1
580,2,6,5,1,51,51,1
581,2,6,5,2,51,51,1
582,2,6,5,3,51,51,1
583,2,6,5,4,51,51,1
584,2,6,5,5,51,51,1
585,3,1,1,1,51,51,1
586,3,1,1,2,51,48,1
587,3,1,1,3,51,50,1
588,3,1,1,4,51,51,1
589,3,1,1,5,51,51,1
590,3,1,3,1,51,51,1
591,3,1,3,2,51,51,1
592,3,1,3,3,51,51,1
593,3,1,3,4,51,47,1
594,3,1,3,5,51,48,1
595,3,1,5,1,51,51,1
596,3,1,5,2,51,50,1
597,3,1,5,3,51,51,1
598,3,1,5,4,51,51,1
599,3,1,5,5,51,47,1
600,3,3,1,1,51,51,1
601,3,3,1,2,51,51,1
602,3,3,1,3,51,51,1
603,3,3,1,4,51,49,1
604,3,3,1,5,51,51,1
605,3,3,3,1,51,49,1
606,3,3,3,2,51,51,1
607,3,3,3,3,51,51,1
608,3,3,3,4,51,51,1
609,3,3,3,5,51,48,1
610,3,3,5,1,51,51,1
611,3,3,5,2,51,51,1
612,3,3,5,3,51,51,1
613,3,3,5,4,51,51,1
614,3,3,5,5,51,47,1
615,3,6,1,1,51,50,1
616,3,6,1,2,51,48,1
617,3,6,1,3,51,48,1
618,3,6,1,4,51,51,1
619,3,6,1,5,51,48,1
620,3,6,3,1,51,47,1
621,3,6,3,2,51,51,1
622,3,6,3,3,51,49,1
623,3,6,3,4,51,51,1
624,3,6,3,5,51,47,1
625,3,6,5,1,51,51,1
626,3,6,5,2,51,51,1
627,3,6,5,3,51,50,1
628,3,6,5,4,51,51,1
629,3,6,5,5,51,50,1
630,4,1,1,1,51,51,1
631,4,1,1,2,51,51,1
632,4,1,1,3,51,50,1
633,4,1,1,4,51,51,1
634,4,1,1,5,51,50,1
635,4,1,3,1,51,49,1
636,4,1,3,2,51,51,1
637,4,1,3,3,51,49,1
638,4,1,3,4,51,50,1
639,4,1,3,5,51,51,1
640,4,1,5,1,51,51,1
641,4,1,5,2,51,51,1
642,4,1,5,3,51,51,1
643,4,1,5,4,51,51,1
644,4,1,5,5,51,51,1
645,4,3,1,1,51,51,1
646,4,3,1,2,51,50,1
647,4,3,1,3,51,48,1
648,4,3,1,4,51,50,1
649,4,3,1,5,51,46,1
650,4,3,3,1,51,49,1
651,4,3,3,2,51,51,1
652,4,3,3,3,51,49,1
653,4,3,3,4,51,50,1
654,4,3,3,5,51,47,1
655,4,3,5,1,51,50,1
656,4,3,5,2,51,49,1
657,4,3,5,3,51,47,1
658,4,3,5,4,51,51,1
659,4,3,5,5,51,49,1
660,4,6,1,1,51,51,1
661,4,6,1,2,51,51,1
662,4,6,1,3,51,48,1
663,4,6,1,4,51,49,1
664,4,6,1,5,51,51,1
665,4,6,3,1,51,51,1
666,4,6,3,2,51,47,1
667,4,6,3,3,51,47,1
668,4,6,3,4,51,51,1
669,4,6,3,5,51,47,1
670,4,6,5,1,51,49,1
671,4,6,5,2,51,51,1
672,4,6,5,3,51,51,1
673,4,6,5,4,51,49,1
674,4,6,5,5,51,47,1
675,5,1,1,1,51,49,1
676,5,1,1,2,51,46,1
677,5,1,1,3,51,47,1
678,5,1,1,4,51,48,1
679,5,1,1,5,51,51,1
680,5,1,3,1,51,51,1
681,5,1,3,2,51,48,1
682,5,1,3,3,51,51,1
683,5,1,3,4,51,51,1
684,5,1,3,5,51,50,1
685,5,1,5,1,51,48,1
686,5,1,5,2,51,49,1
687,5,1,5,3,51,48,1
688,5,1,5,4,51,48,1
689,5,1,5,5,51,49,1
690,5,3,1,1,51,51,1
691,5,3,1,2,51,51,1
692,5,3,1,3,51,51,1
693,5,3,1,4,51,51,1
694,5,3,1,5,51,51,1
695,5,3,3,1,51,51,1
696,5,3,3,2,51,48,1
697,5,3,3,3,51,51,1
698,5,3,3,4,51,51,1
699,5,3,3,5,51,51,1
700,5,3,5,1,51,51,1
701,5,3,5,2,51,51,1
702,5,3,5,3,51,49,1
703,5,3,5,4,51,50,1
704,5,3,5,5,51,51,1
705,5,6,1,1,51,51,1
706,5,6,1,2,51,51,1
707,5,6,1,3,51,51,1
708,5,6,1,4,51,51,1
709,5,6,1,5,51,49,1
710,5,6,3,1,51,48,1
711,5,6,3,2,51,49,1
712,5,6,3,3,51,49,1
713,5,6,3,4,51,51,1
714,5,6,3,5,51,51,1
715,5,6,5,1,51,48,1
716,5,6,5,2,51,51,1
717,5,6,5,3,51,47,1
718,5,6,5,4,51,51,1
719,5,6,5,5,51,47,1
1,2,1,1,1,51,51,2
2,2,1,1,2,51,51,2
3,2,1,1,3,51,51,2
4,2,1,1,4,51,49,2
5,2,1,1,5,51,49,2
6,2,1,3,1,51,51,2
7,2,1,3,2,51,48,2
8,2,1,3,3,51,48,2
9,2,1,3,4,51,51,2
10,2,1,3,5,51,47,2
11,2,1,5,1,51,51,2
12,2,1,5,2,51,51,2
13,2,1,5,3,51,49,2
14,2,1,5,4,51,51,2
15,2,1,5,5,51,51,2
16,2,3,1,1,51,51,2
17,2,3,1,2,51,51,2
18,2,3,1,3,51,51,2
19,2,3,1,4,51,51,2
20,2,3,1,5,51,50,2
21,2,3,3,1,51,47,2
22,2,3,3,2,51,51,2
23,2,3,3,3,51,50,2
24,2,3,3,4,51,51,2
25,2,3,3,5,51,51,2
26,2,3,5,1,51,48,2
27,2,3,5,2,51,51,2
28,2,3,5,3,51,51,2
29,2,3,5,4,51,49,2
30,2,3,5,5,51,48,2
31,2,6,1,1,51,50,2
32,2,6,1,2,51,51,2
33,2,6,1,3,51,51,2
34,2,6,1,4,51,46,2
35,2,6,1,5,51,48,2
36,2,6,3,1,51,48,2
37,2,6,3,2,51,51,2
38,2,6,3,3,51,51,2
39,2,6,3,4,51,47,2
40,2,6,3,5,51,47,2
41,2,6,5,1,51,51,2
42,2,6,5,2,51,51,2
43,2,6,5,3,51,49,2
44,2,6,5,4,51,51,2
45,2,6,5,5,51,51,2
46,3,1,1,1,51,51,2
47,3,1,1,2,51,51,2
48,3,1,1,3,51,47,2
49,3,1,1,4,51,51,2
50,3,1,1,5,51,47,2
51,3,1,3,1,51,48,2
52,3,1,3,2,51,49,2
53,3,1,3,3,51,51,2
54,3,1,3,4,51,51,2
55,3,1,3,5,51,51,2
56,3,1,5,1,51,47,2
57,3,1,5,2,51,48,2
58,3,1,5,3,51,51,2
59,3,1,5,4,51,51,2
60,3,1,5,5,51,48,2
61,3,3,1,1,51,47,2
62,3,3,1,2,51,47,2
63,3,3,1,3,51,49,2
64,3,3,1,4,51,50,2
65,3,3,1,5,51,47,2
66,3,3,3,1,51,48,2
67,3,3,3,2,51,51,2
68,3,3,3,3,51,51,2
69,3,3,3,4,51,47,2
70,3,3,3,5,51,51,2
71,3,3,5,1,51,49,2
72,3,3,5,2,51,49,2
73,3,3,5,3,51,51,2
74,3,3,5,4,51,48,2
75,3,3,5,5,51,50,2
76,3,6,1,1,51,47,2
77,3,6,1,2,51,47,2
78,3,6,1,3,51,51,2
79,3,6,1,4,51,51,2
80,3,6,1,5,51,50,2
81,3,6,3,1,51,51,2
82,3,6,3,2,51,51,2
83,3,6,3,3,51,51,2
84,3,6,3,4,51,48,2
85,3,6,3,5,51,51,2
86,3,6,5,1,51,47,2
87,3,6,5,2,51,49,2
88,3,6,5,3,51,47,2
89,3,6,5,4,51,51,2
90,3,6,5,5,51,51,2
91,4,1,1,1,51,46,2
92,4,1,1,2,51,47,2
93,4,1,1,3,51,51,2
94,4,1,1,4,51,48,2
95,4,1,1,5,51,47,2
96,4,1,3,1,51,51,2
97,4,1,3,2,51,51,2
98,4,1,3,3,51,49,2
99,4,1,3,4,51,51,2
100,4,1,3,5,51,51,2
101,4,1,5,1,51,51,2
102,4,1,5,2,51,48,2
103,4,1,5,3,51,51,2
104,4,1,5,4,51,51,2
105,4,1,5,5,51,49,2
106,4,3,1,1,51,48,2
107,4,3,1,2,51,50,2
108,4,3,1,3,51,51,2
109,4,3,1,4,51,48,2
110,4,3,1,5,51,50,2
111,4,3,3,1,51,51,2
112,4,3,3,2,51,51,2
113,4,3,3,3,51,51,2
114,4,3,3,4,51,51,2
115,4,3,3,5,51,48,2
116,4,3,5,1,51,50,2
117,4,3,5,2,51,51,2
118,4,3,5,3,51,51,2
119,4,3,5,4,51,51,2
120,4,3,5,5,51,49,2
121,4,6,1,1,51,49,2
122,4,6,1,2,51,47,2
123,4,6,1,3,51,51,2
124,4,6,1,4,51,51,2
125,4,6,1,5,51,51,2
126,4,6,3,1,51,51,2
127,4,6,3,2,51,51,2
128,4,6,3,3,51,51,2
129,4,6,3,4,51,48,2
130,4,6,3,5,51,50,2
131,4,6,5,1,51,48,2
132,4,6,5,2,51,51,2
133,4,6,5,3,51,51,2
134,4,6,5,4,51,51,2
135,4,6,5,5,51,51,2
136,5,1,1,1,51,49,2
137,5,1,1,2,51,47,2
138,5,1,1,3,51,51,2
139,5,1,1,4,51,51,2
140,5,1,1,5,51,51,2
141,5,1,3,1,51,51,2
142,5,1,3,2,51,51,2
143,5,1,3,3,51,51,2
144,5,1,3,4,51,47,2
145,5,1,3,5,51,48,2
146,5,1,5,1,51,49,2
147,5,1,5,2,51,51,2
148,5,1,5,3,51,51,2
149,5,1,5,4,51,51,2
150,5,1,5,5,51,51,2
151,5,3,1,1,51,51,2
152,5,3,1,2,51,48,2
153,5,3,1,3,51,50,2
154,5,3,1,4,51,51,2
155,5,3,1,5,51,51,2
156,5,3,3,1,51,51,2
157,5,3,3,2,51,50,2
158,5,3,3,3,51,51,2
159,5,3,3,4,51,48,2
160,5,3,3,5,51,48,2
161,5,3,5,1,51,50,2
162,5,3,5,2,51,50,2
163,5,3,5,3,51,51,2
164,5,3,5,4,51,47,2
165,5,3,5,5,51,51,2
166,5,6,1,1,51,51,2
167,5,6,1,2,51,46,2
168,5,6,1,3,51,50,2
169,5,6,1,4,51,49,2
170,5,6,1,5,51,51,2
171,5,6,3,1,51,47,2
172,5,6,3,2,51,50,2
173,5,6,3,3,51,51,2
174,5,6,3,4,51,51,2
175,5,6,3,5,51,51,2
176,5,6,5,1,51,47,2
177,5,6,5,2,51,51,2
178,5,6,5,3,51,51,2
179,5,6,5,4,51,49,2
180,5,6,5,5,51,49,2
181,2,1,1,1,51,51,2
182,2,1,1,2,51,51,2
183,2,1,1,3,51,46,2
184,2,1,1,4,51,51,2
185,2,1,1,5,51,51,2
186,2,1,3,1,51,48,2
187,2,1,3,2,51,47,2
188,2,1,3,3,51,47,2
189,2,1,3,4,51,49,2
190,2,1,3,5,51,51,2
191,2,1,5,1,51,51,2
192,2,1,5,2,51,48,2
193,2,1,5,3,51,51,2
194,2,1,5,4,51,51,2
195,2,1,5,5,51,51,2
196,2,3,1,1,51,51,2
197,2,3,1,2,51,51,2
198,2,3,1,3,51,49,2
199,2,3,1,4,51,51,2
200,2,3,1,5,51,49,2
201,2,3,3,1,51,51,2
202,2,3,3,2,51,51,2
203,2,3,3,3,51,51,2
204,2,3,3,4,51,51,2
205,2,3,3,5,51,50,2
206,2,3,5,1,51,51,2
207,2,3,5,2,51,51,2
208,2,3,5,3,51,48,2
209,2,3,5,4,51,51,2
210,2,3,5,5,51,51,2
211,2,6,1,1,51,47,2
212,2,6,1,2,51,50,2
213,2,6,1,3,51,51,2
214,2,6,1,4,51,51,2
215,2,6,1,5,51,51,2
216,2,6,3,1,51,47,2
217,2,6,3,2,51,51,2
218,2,6,3,3,51,49,2
219,2,6,3,4,51,50,2
220,2,6,3,5,51,47,2
221,2,6,5,1,51,51,2
222,2,6,5,2,51,51,2
223,2,6,5,3,51,47,2
224,2,6,5,4,51,50,2
225,2,6,5,5,51,51,2
226,3,1,1,1,51,46,2
227,3,1,1,2,51,48,2
228,3,1,1,3,51,49,2
229,3,1,1,4,51,51,2
230,3,1,1,5,51,51,2
231,3,1,3,1,51,51,2
232,3,1,3,2,51,50,2
233,3,1,3,3,51,51,2
234,3,1,3,4,51,47,2
235,3,1,3,5,51,51,2
236,3,1,5,1,51,51,2
237,3,1,5,2,51,47,2
238,3,1,5,3,51,48,2
239,3,1,5,4,51,51,2
240,3,1,5,5,51,51,2
241,3,3,1,1,51,49,2
242,3,3,1,2,51,48,2
243,3,3,1,3,51,46,2
244,3,3,1,4,51,50,2
245,3,3,1,5,51,49,2
246,3,3,3,1,51,51,2
247,3,3,3,2,51,47,2
248,3,3,3,3,51,50,2
249,3,3,3,4,51,51,2
250,3,3,3,5,51,51,2
251,3,3,5,1,51,50,2
252,3,3,5,2,51,47,2
253,3,3,5,3,51,47,2
254,3,3,5,4,51,51,2
255,3,3,5,5,51,51,2
256,3,6,1,1,51,51,2
257,3,6,1,2,51,51,2
258,3,6,1,3,51,47,2
259,3,6,1,4,51,50,2
260,3,6,1,5,51,48,2
261,3,6,3,1,51,51,2
262,3,6,3,2,51,48,2
263,3,6,3,3,51,51,2
264,3,6,3,4,51,51,2
265,3,6,3,5,51,51,2
266,3,6,5,1,51,51,2
267,3,6,5,2,51,51,2
268,3,6,5,3,51,50,2
269,3,6,5,4,51,50,2
270,3,6,5,5,51,50,2
271,4,1,1,1,51,51,2
272,4,1,1,2,51,46,2
273,4,1,1,3,51,51,2
274,4,1,1,4,51,46,2
275,4,1,1,5,51,47,2
276,4,1,3,1,51,51,2
277,4,1,3,2,51,47,2
278,4,1,3,3,51,49,2
279,4,1,3,4,51,51,2
280,4,1,3,5,51,48,2
281,4,1,5,1,51,51,2
282,4,1,5,2,51,48,2
283,4,1,5,3,51,51,2
284,4,1,5,4,51,51,2
285,4,1,5,5,51,47,2
286,4,3,1,1,51,49,2
287,4,3,1,2,51,49,2
288,4,3,1,3,51,48,2
289,4,3,1,4,51,50,2
290,4,3,1,5,51,51,2
291,4,3,3,1,51,51,2
292,4,3,3,2,51,51,2
293,4,3,3,3,51,48,2
294,4,3,3,4,51,50,2
295,4,3,3,5,51,51,2
296,4,3,5,1,51,51,2
297,4,3,5,2,51,48,2
298,4,3,5,3,51,49,2
299,4,3,5,4,51,48,2
300,4,3,5,5,51,51,2
301,4,6,1,1,51,46,2
302,4,6,1,2,51,51,2
303,4,6,1,3,51,51,2
304,4,6,1,4,51,46,2
305,4,6,1,5,51,51,2
306,4,6,3,1,51,51,2
307,4,6,3,2,51,51,2
308,4,6,3,3,51,51,2
309,4,6,3,4,51,47,2
310,4,6,3,5,51,51,2
311,4,6,5,1,51,51,2
312,4,6,5,2,51,51,2
313,4,6,5,3,51,48,2
314,4,6,5,4,51,50,2
315,4,6,5,5,51,48,2
316,5,1,1,1,51,47,2
317,5,1,1,2,51,50,2
318,5,1,1,3,51,51,2
319,5,1,1,4,51,47,2
320,5,1,1,5,51,51,2
321,5,1,3,1,51,51,2
322,5,1,3,2,51,47,2
323,5,1,3,3,51,51,2
324,5,1,3,4,51,51,2
325,5,1,3,5,51,51,2
326,5,1,5,1,51,51,2
327,5,1,5,2,51,51,2
328,5,1,5,3,51,49,2
329,5,1,5,4,51,47,2
330,5,1,5,5,51,47,2
331,5,3,1,1,51,47,2
332,5,3,1,2,51,51,2
333,5,3,1,3,51,51,2
334,5,3,1,4,51,51,2
335,5,3,1,5,51,51,2
336,5,3,3,1,51,51,2
337,5,3,3,2,51,51,2
338,5,3,3,3,51,51,2
339,5,3,3,4,51,47,2
340,5,3,3,5,51,47,2
341,5,3,5,1,51,48,2
342,5,3,5,2,51,51,2
343,5,3,5,3,51,51,2
344,5,3,5,4,51,51,2
345,5,3,5,5,51,47,2
346,5,6,1,1,51,47,2
347,5,6,1,2,51,46,2
348,5,6,1,3,51,46,2
349,5,6,1,4,51,50,2
350,5,6,1,5,51,51,2
351,5,6,3,1,51,51,2
352,5,6,3,2,51,50,2
353,5,6,3,3,51,51,2
354,5,6,3,4,51,47,2
355,5,6,3,5,51,50,2
356,5,6,5,1,51,50,2
357,5,6,5,2,51,51,2
358,5,6,5,3,51,51,2
359,5,6,5,4,51,49,2
360,5,6,5,5,51,51,2
361,2,1,1,1,51,49,2
362,2,1,1,2,51,46,2
363,2,1,1,3,51,51,2
364,2,1,1,4,51,51,2
365,2,1,1,5,51,46,2
366,2,1,3,1,51,51,2
367,2,1,3,2,51,47,2
368,2,1,3,3,51,51,2
369,2,1,3,4,51,51,2
370,2,1,3,5,51,51,2
371,2,1,5,1,51,50,2
372,2,1,5,2,51,51,2
373,2,1,5,3,51,51,2
374,2,1,5,4,51,51,2
375,2,1,5,5,51,51,2
376,2,3,1,1,51,48,2
377,2,3,1,2,51,51,2
378,2,3,1,3,51,51,2
379,2,3,1,4,51,49,2
380,2,3,1,5,51,51,2
381,2,3,3,1,51,51,2
382,2,3,3,2,51,50,2
383,2,3,3,3,51,51,2
384,2,3,3,4,51,49,2
385,2,3,3,5,51,51,2
386,2,3,5,1,51,51,2
387,2,3,5,2,51,51,2
388,2,3,5,3,51,48,2
389,2,3,5,4,51,50,2
390,2,3,5,5,51,51,2
391,2,6,1,1,51,46,2
392,2,6,1,2,51,50,2
393,2,6,1,3,51,49,2
394,2,6,1,4,51,50,2
395,2,6,1,5,51,47,2
396,2,6,3,1,51,50,2
397,2,6,3,2,51,51,2
398,2,6,3,3,51,47,2
399,2,6,3,4,51,51,2
400,2,6,3,5,51,51,2
401,2,6,5,1,51,51,2
402,2,6,5,2,51,51,2
403,2,6,5,3,51,47,2
404,2,6,5,4,51,51,2
405,2,6,5,5,51,51,2
406,3,1,1,1,51,51,2
407,3,1,1,2,51,46,2
408,3,1,1,3,51,47,2
409,3,1,1,4,51,51,2
410,3,1,1,5,51,46,2
411,3,1,3,1,51,51,2
412,3,1,3,2,51,51,2
413,3,1,3,3,51,49,2
414,3,1,3,4,51,47,2
415,3,1,3,5,51,51,2
416,3,1,5,1,51,47,2
417,3,1,5,2,51,51,2
418,3,1,5,3,51,51,2
419,3,1,5,4,51,51,2
420,3,1,5,5,51,51,2
421,3,3,1,1,51,51,2
422,3,3,1,2,51,47,2
423,3,3,1,3,51,51,2
424,3,3,1,4,51,47,2
425,3,3,1,5,51,50,2
426,3,3,3,1,51,47,2
427,3,3,3,2,51,51,2
428,3,3,3,3,51,50,2
429,3,3,3,4,51,50,2
430,3,3,3,5,51,51,2
431,3,3,5,1,51,48,2
432,3,3,5,2,51,51,2
433,3,3,5,3,51,51,2
434,3,3,5,4,51,47,2
435,3,3,5,5,51,51,2
436,3,6,1,1,51,48,2
437,3,6,1,2,51,51,2
438,3,6,1,3,51,46,2
439,3,6,1,4,51,51,2
440,3,6,1,5,51,50,2
441,3,6,3,1,51,51,2
442,3,6,3,2,51,47,2
443,3,6,3,3,51,51,2
444,3,6,3,4,51,51,2
445,3,6,3,5,51,48,2
446,3,6,5,1,51,51,2
447,3,6,5,2,51,49,2
448,3,6,5,3,51,51,2
449,3,6,5,4,51,48,2
450,3,6,5,5,51,51,2
451,4,1,1,1,51,48,2
452,4,1,1,2,51,48,2
453,4,1,1,3,51,47,2
454,4,1,1,4,51,49,2
455,4,1,1,5,51,51,2
456,4,1,3,1,51,50,2
457,4,1,3,2,51,50,2
458,4,1,3,3,51,47,2
459,4,1,3,4,51,51,2
460,4,1,3,5,51,51,2
461,4,1,5,1,51,51,2
462,4,1,5,2,51,48,2
463,4,1,5,3,51,51,2
464,4,1,5,4,51,50,2
465,4,1,5,5,51,51,2
466,4,3,1,1,51,49,2
467,4,3,1,2,51,48,2
468,4,3,1,3,51,49,2
469,4,3,1,4,51,50,2
470,4,3,1,5,51,48,2
471,4,3,3,1,51,49,2
472,4,3,3,2,51,51,2
473,4,3,3,3,51,48,2
474,4,3,3,4,51,48,2
475,4,3,3,5,51,51,2
476,4,3,5,1,51,51,2
477,4,3,5,2,51,48,2
478,4,3,5,3,51,51,2
479,4,3,5,4,51,51,2
480,4,3,5,5,51,47,2
481,4,6,1,1,51,51,2
482,4,6,1,2,51,51,2
483,4,6,1,3,51,50,2
484,4,6,1,4,51,46,2
485,4,6,1,5,51,51,2
486,4,6,3,1,51,51,2
487,4,6,3,2,51,51,2
488,4,6,3,3,51,51,2
489,4,6,3,4,51,51,2
490,4,6,3,5,51,51,2
491,4,6,5,1,51,47,2
492,4,6,5,2,51,51,2
493,4,6,5,3,51,51,2
494,4,6,5,4,51,51,2
495,4,6,5,5,51,51,2
496,5,1,1,1,51,49,2
497,5,1,1,2,51,50,2
498,5,1,1,3,51,49,2
499,5,1,1,4,51,51,2
500,5,1,1,5,51,46,2
501,5,1,3,1,51,50,2
502,5,1,3,2,51,51,2
503,5,1,3,3,51,47,2
504,5,1,3,4,51,51,2
505,5,1,3,5,51,51,2
506,5,1,5,1,51,50,2
507,5,1,5,2,51,51,2
508,5,1,5,3,51,51,2
509,5,1,5,4,51,51,2
510,5,1,5,5,51,49,2
511,5,3,1,1,51,51,2
512,5,3,1,2,51,50,2
513,5,3,1,3,51,51,2
514,5,3,1,4,51,46,2
515,5,3,1,5,51,51,2
516,5,3,3,1,51,51,2
517,5,3,3,2,51,51,2
518,5,3,3,3,51,51,2
519,5,3,3,4,51,51,2
520,5,3,3,5,51,47,2
521,5,3,5,1,51,49,2
522,5,3,5,2,51,51,2
523,5,3,5,3,51,51,2
524,5,3,5,4,51,51,2
525,5,3,5,5,51,51,2
526,5,6,1,1,51,51,2
527,5,6,1,2,51,51,2
528,5,6,1,3,51,49,2
529,5,6,1,4,51,51,2
530,5,6,1,5,51,47,2
531,5,6,3,1,51,51,2
532,5,6,3,2,51,47,2
533,5,6,3,3,51,51,2
534,5,6,3,4,51,51,2
535,5,6,3,5,51,48,2
536,5,6,5,1,51,51,2
537,5,6,5,2,51,51,2
538,5,6,5,3,51,47,2
539,5,6,5,4,51,48,2
540,5,6,5,5,51,51,2
541,2,1,1,2,51,51,2
542,2,1,1,3,51,51,2
543,2,1,1,4,51,51,2
544,2,1,1,5,51,51,2
545,2,1,3,1,51,50,2
546,2,1,3,2,51,51,2
547,2,1,3,3,51,49,2
548,2,1,3,4,51,51,2
549,2,1,3,5,51,51,2
550,2,1,5,1,51,51,2
551,2,1,5,2,51,51,2
552,2,1,5,3,51,47,2
553,2,1,5,4,51,47,2
554,2,1,5,5,51,49,2
555,2,3,1,1,51,47,2
556,2,3,1,2,51,51,2
557,2,3,1,3,51,51,2
558,2,3,1,4,51,49,2
559,2,3,1,5,51,51,2
560,2,3,3,1,51,51,2
561,2,3,3,2,51,51,2
562,2,3,3,3,51,48,2
563,2,3,3,4,51,51,2
564,2,3,3,5,51,51,2
565,2,3,5,1,51,49,2
566,2,3,5,2,51,49,2
567,2,3,5,3,51,51,2
568,2,3,5,4,51,49,2
569,2,3,5,5,51,49,2
570,2,6,1,1,51,51,2
571,2,6,1,2,51,51,2
572,2,6,1,3,51,49,2
573,2,6,1,4,51,47,2
574,2,6,1,5,51,49,2
575,2,6,3,1,51,51,2
576,2,6,3,2,51,48,2
577,2,6,3,3,51,51,2
578,2,6,3,4,51,49,2
579,2,6,3,5,51,51,2
580,2,6,5,1,51,51,2
581,2,6,5,2,51,48,2
582,2,6,5,3,51,51,2
583,2,6,5,4,51,47,2
584,2,6,5,5,51,51,2
585,3,1,1,1,51,50,2
586,3,1,1,2,51,51,2
587,3,1,1,3,51,51,2
588,3,1,1,4,51,50,2
589,3,1,1,5,51,47,2
590,3,1,3,1,51,48,2
591,3,1,3,2,51,51,2
592,3,1,3,3,51,49,2
593,3,1,3,4,51,51,2
594,3,1,3,5,51,49,2
595,3,1,5,1,51,51,2
596,3,1,5,2,51,51,2
597,3,1,5,3,51,51,2
598,3,1,5,4,51,51,2
599,3,1,5,5,51,51,2
600,3,3,1,1,51,49,2
601,3,3,1,2,51,48,2
602,3,3,1,3,51,51,2
603,3,3,1,4,51,51,2
604,3,3,1,5,51,49,2
605,3,3,3,1,51,49,2
606,3,3,3,2,51,50,2
607,3,3,3,3,51,51,2
608,3,3,3,4,51,51,2
609,3,3,3,5,51,51,2
610,3,3,5,1,51,51,2
611,3,3,5,2,51,51,2
612,3,3,5,3,51,50,2
613,3,3,5,4,51,51,2
614,3,3,5,5,51,51,2
615,3,6,1,1,51,51,2
616,3,6,1,2,51,51,2
617,3,6,1,3,51,48,2
618,3,6,1,4,51,47,2
619,3,6,1,5,51,48,2
620,3,6,3,1,51,51,2
621,3,6,3,2,51,51,2
622,3,6,3,3,51,51,2
623,3,6,3,4,51,47,2
624,3,6,3,5,51,51,2
625,3,6,5,1,51,51,2
626,3,6,5,2,51,48,2
627,3,6,5,3,51,51,2
628,3,6,5,4,51,51,2
629,3,6,5,5,51,47,2
630,4,1,1,1,51,51,2
631,4,1,1,2,51,49,2
632,4,1,1,3,51,51,2
633,4,1,1,4,51,49,2
634,4,1,1,5,51,51,2
635,4,1,3,1,51,48,2
636,4,1,3,2,51,47,2
637,4,1,3,3,51,47,2
638,4,1,3,4,51,51,2
639,4,1,3,5,51,51,2
640,4,1,5,1,51,51,2
641,4,1,5,2,51,48,2
642,4,1,5,3,51,47,2
643,4,1,5,4,51,51,2
644,4,1,5,5,51,51,2
645,4,3,1,1,51,47,2
646,4,3,1,2,51,49,2
647,4,3,1,3,51,51,2
648,4,3,1,4,51,51,2
649,4,3,1,5,51,50,2
650,4,3,3,1,51,51,2
651,4,3,3,2,51,51,2
652,4,3,3,3,51,51,2
653,4,3,3,4,51,51,2
654,4,3,3,5,51,47,2
655,4,3,5,1,51,51,2
656,4,3,5,2,51,49,2
657,4,3,5,3,51,51,2
658,4,3,5,4,51,51,2
659,4,3,5,5,51,47,2
660,4,6,1,1,51,51,2
661,4,6,1,2,51,51,2
662,4,6,1,3,51,48,2
663,4,6,1,4,51,50,2
664,4,6,1,5,51,50,2
665,4,6,3,1,51,51,2
666,4,6,3,2,51,51,2
667,4,6,3,3,51,49,2
668,4,6,3,4,51,49,2
669,4,6,3,5,51,51,2
670,4,6,5,1,51,47,2
671,4,6,5,2,51,49,2
672,4,6,5,3,51,51,2
673,4,6,5,4,51,49,2
674,4,6,5,5,51,51,2
675,5,1,1,1,51,47,2
676,5,1,1,2,51,47,2
677,5,1,1,3,51,50,2
678,5,1,1,4,51,51,2
679,5,1,1,5,51,51,2
680,5,1,3,1,51,51,2
681,5,1,3,2,51,47,2
682,5,1,3,3,51,51,2
683,5,1,3,4,51,51,2
684,5,1,3,5,51,51,2
685,5,1,5,1,51,50,2
686,5,1,5,2,51,48,2
687,5,1,5,3,51,51,2
688,5,1,5,4,51,51,2
689,5,1,5,5,51,47,2
690,5,3,1,1,51,48,2
691,5,3,1,2,51,51,2
692,5,3,1,3,51,46,2
693,5,3,1,4,51,49,2
694,5,3,1,5,51,46,2
695,5,3,3,1,51,50,2
696,5,3,3,2,51,51,2
697,5,3,3,3,51,48,2
698,5,3,3,4,51,51,2
699,5,3,3,5,51,51,2
700,5,3,5,1,51,51,2
701,5,3,5,2,51,51,2
702,5,3,5,3,51,49,2
703,5,3,5,4,51,51,2
704,5,3,5,5,51,47,2
705,5,6,1,1,51,48,2
706,5,6,1,2,51,49,2
707,5,6,1,3,51,50,2
708,5,6,1,4,51,51,2
709,5,6,1,5,51,49,2
710,5,6,3,1,51,51,2
711,5,6,3,2,51,50,2
712,5,6,3,3,51,47,2
713,5,6,3,4,51,51,2
714,5,6,3,5,51,51,2
715,5,6,5,1,51,51,2
716,5,6,5,2,51,51,2
717,5,6,5,3,51,51,2
718,5,6,5,4,51,51,2
719,5,6,5,5,51,51,2
1,2,1,1,1,51,0,3
2,2,1,1,2,51,0,3
3,2,1,1,3,51,0,3
4,2,1,1,4,51,0,3
5,2,1,1,5,51,0,3
6,2,1,3,1,51,0,3
7,2,1,3,2,51,0,3
8,2,1,3,3,51,0,3
9,2,1,3,4,51,0,3
10,2,1,3,5,51,0,3
11,2,1,5,1,51,0,3
12,2,1,5,2,51,0,3
13,2,1,5,3,51,0,3
14,2,1,5,4,51,0,3
15,2,1,5,5,51,0,3
16,2,3,1,1,51,51,3
17,2,3,1,2,51,51,3
18,2,3,1,3,51,48,3
19,2,3,1,4,51,48,3
20,2,3,1,5,51,51,3
21,2,3,3,1,51,51,3
22,2,3,3,2,51,47,3
23,2,3,3,3,51,50,3
24,2,3,3,4,51,51,3
25,2,3,3,5,51,47,3
26,2,3,5,1,51,51,3
27,2,3,5,2,51,51,3
28,2,3,5,3,51,51,3
29,2,3,5,4,51,51,3
30,2,3,5,5,51,51,3
31,2,6,1,1,51,49,3
32,2,6,1,2,51,50,3
33,2,6,1,3,51,50,3
34,2,6,1,4,51,51,3
35,2,6,1,5,51,51,3
36,2,6,3,1,51,51,3
37,2,6,3,2,51,51,3
38,2,6,3,3,51,51,3
39,2,6,3,4,51,50,3
40,2,6,3,5,51,48,3
41,2,6,5,1,51,50,3
42,2,6,5,2,51,51,3
43,2,6,5,3,51,51,3
44,2,6,5,4,51,51,3
45,2,6,5,5,51,51,3
46,3,1,1,1,51,48,3
47,3,1,1,2,51,50,3
48,3,1,1,3,51,48,3
49,3,1,1,4,51,49,3
50,3,1,1,5,51,51,3
51,3,1,3,1,51,51,3
52,3,1,3,2,51,51,3
53,3,1,3,3,51,47,3
54,3,1,3,4,51,51,3
55,3,1,3,5,51,51,3
56,3,1,5,1,51,51,3
57,3,1,5,2,51,51,3
58,3,1,5,3,51,48,3
59,3,1,5,4,51,51,3
60,3,1,5,5,51,51,3
61,3,3,1,1,51,51,3
62,3,3,1,2,51,51,3
63,3,3,1,3,51,46,3
64,3,3,1,4,51,51,3
65,3,3,1,5,51,49,3
66,3,3,3,1,51,50,3
67,3,3,3,2,51,51,3
68,3,3,3,3,51,51,3
69,3,3,3,4,51,51,3
70,3,3,3,5,51,47,3
71,3,3,5,1,51,47,3
72,3,3,5,2,51,49,3
73,3,3,5,3,51,51,3
74,3,3,5,4,51,51,3
75,3,3,5,5,51,47,3
76,3,6,1,1,51,51,3
77,3,6,1,2,51,49,3
78,3,6,1,3,51,51,3
79,3,6,1,4,51,51,3
80,3,6,1,5,51,46,3
81,3,6,3,1,51,48,3
82,3,6,3,2,51,51,3
83,3,6,3,3,51,51,3
84,3,6,3,4,51,47,3
85,3,6,3,5,51,50,3
86,3,6,5,1,51,50,3
87,3,6,5,2,51,51,3
88,3,6,5,3,51,49,3
89,3,6,5,4,51,51,3
90,3,6,5,5,51,48,3
91,4,1,1,1,51,46,3
92,4,1,1,2,51,50,3
93,4,1,1,3,51,51,3
94,4,1,1,4,51,50,3
95,4,1,1,5,51,51,3
96,4,1,3,1,51,48,3
97,4,1,3,2,51,51,3
98,4,1,3,3,51,51,3
99,4,1,3,4,51,48,3
100,4,1,3,5,51,51,3
101,4,1,5,1,51,51,3
102,4,1,5,2,51,48,3
103,4,1,5,3,51,47,3
104,4,1,5,4,51,51,3
105,4,1,5,5,51,48,3
106,4,3,1,1,51,51,3
107,4,3,1,2,51,51,3
108,4,3,1,3,51,46,3
109,4,3,1,4,51,48,3
110,4,3,1,5,51,46,3
111,4,3,3,1,51,50,3
112,4,3,3,2,51,51,3
113,4,3,3,3,51,51,3
114,4,3,3,4,51,49,3
115,4,3,3,5,51,51,3
116,4,3,5,1,51,50,3
117,4,3,5,2,51,49,3
118,4,3,5,3,51,48,3
119,4,3,5,4,51,51,3
120,4,3,5,5,51,51,3
121,4,6,1,1,51,47,3
122,4,6,1,2,51,46,3
123,4,6,1,3,51,46,3
124,4,6,1,4,51,49,3
125,4,6,1,5,51,48,3
126,4,6,3,1,51,51,3
127,4,6,3,2,51,51,3
128,4,6,3,3,51,48,3
129,4,6,3,4,51,51,3
130,4,6,3,5,51,51,3
131,4,6,5,1,51,49,3
132,4,6,5,2,51,51,3
133,4,6,5,3,51,51,3
134,4,6,5,4,51,47,3
135,4,6,5,5,51,51,3
136,5,1,1,1,51,51,3
137,5,1,1,2,51,46,3
138,5,1,1,3,51,51,3
139,5,1,1,4,51,46,3
140,5,1,1,5,51,50,3
141,5,1,3,1,51,51,3
142,5,1,3,2,51,50,3
143,5,1,3,3,51,51,3
144,5,1,3,4,51,51,3
145,5,1,3,5,51,51,3
146,5,1,5,1,51,51,3
147,5,1,5,2,51,48,3
148,5,1,5,3,51,51,3
149,5,1,5,4,51,48,3
150,5,1,5,5,51,50,3
151,5,3,1,1,51,49,3
152,5,3,1,2,51,49,3
153,5,3,1,3,51,47,3
154,5,3,1,4,51,50,3
155,5,3,1,5,51,51,3
156,5,3,3,1,51,51,3
157,5,3,3,2,51,51,3
158,5,3,3,3,51,51,3
159,5,3,3,4,51,51,3
160,5,3,3,5,51,51,3
161,5,3,5,1,51,51,3
162,5,3,5,2,51,51,3
163,5,3,5,3,51,47,3
164,5,3,5,4,51,51,3
165,5,3,5,5,51,49,3
166,5,6,1,1,51,51,3
167,5,6,1,2,51,48,3
168,5,6,1,3,51,50,3
169,5,6,1,4,51,51,3
170,5,6,1,5,51,51,3
171,5,6,3,1,51,51,3
172,5,6,3,2,51,51,3
173,5,6,3,3,51,50,3
174,5,6,3,4,51,50,3
175,5,6,3,5,51,50,3
176,5,6,5,1,51,47,3
177,5,6,5,2,51,48,3
178,5,6,5,3,51,50,3
179,5,6,5,4,51,50,3
180,5,6,5,5,51,51,3
181,2,1,1,1,51,0,3
182,2,1,1,2,51,0,3
183,2,1,1,3,51,0,3
184,2,1,1,4,51,0,3
185,2,1,1,5,51,0,3
186,2,1,3,1,51,0,3
187,2,1,3,2,51,0,3
188,2,1,3,3,51,0,3
189,2,1,3,4,51,0,3
190,2,1,3,5,51,0,3
191,2,1,5,1,51,0,3
192,2,1,5,2,51,0,3
193,2,1,5,3,51,0,3
194,2,1,5,4,51,0,3
195,2,1,5,5,51,0,3
196,2,3,1,1,51,51,3
197,2,3,1,2,51,48,3
198,2,3,1,3,51,51,3
199,2,3,1,4,51,51,3
200,2,3,1,5,51,48,3
201,2,3,3,1,51,51,3
202,2,3,3,2,51,47,3
203,2,3,3,3,51,51,3
204,2,3,3,4,51,51,3
205,2,3,3,5,51,48,3
206,2,3,5,1,51,49,3
207,2,3,5,2,51,51,3
208,2,3,5,3,51,51,3
209,2,3,5,4,51,51,3
210,2,3,5,5,51,49,3
211,2,6,1,1,51,49,3
212,2,6,1,2,51,51,3
213,2,6,1,3,51,51,3
214,2,6,1,4,51,46,3
215,2,6,1,5,51,51,3
216,2,6,3,1,51,51,3
217,2,6,3,2,51,51,3
218,2,6,3,3,51,51,3
219,2,6,3,4,51,51,3
220,2,6,3,5,51,51,3
221,2,6,5,1,51,48,3
222,2,6,5,2,51,51,3
223,2,6,5,3,51,50,3
224,2,6,5,4,51,50,3
225,2,6,5,5,51,51,3
226,3,1,1,1,51,48,3
227,3,1,1,2,51,51,3
228,3,1,1,3,51,51,3
229,3,1,1,4,51,47,3
230,3,1,1,5,51,48,3
231,3,1,3,1,51,48,3
232,3,1,3,2,51,51,3
233,3,1,3,3,51,49,3
234,3,1,3,4,51,50,3
235,3,1,3,5,51,51,3
236,3,1,5,1,51,47,3
237,3,1,5,2,51,51,3
238,3,1,5,3,51,47,3
239,3,1,5,4,51,51,3
240,3,1,5,5,51,51,3
241,3,3,1,1,51,47,3
242,3,3,1,2,51,50,3
243,3,3,1,3,51,51,3
244,3,3,1,4,51,51,3
245,3,3,1,5,51,46,3
246,3,3,3,1,51,51,3
247,3,3,3,2,51,51,3
248,3,3,3,3,51,51,3
249,3,3,3,4,51,51,3
250,3,3,3,5,51,51,3
251,3,3,5,1,51,51,3
252,3,3,5,2,51,49,3
253,3,3,5,3,51,51,3
254,3,3,5,4,51,50,3
255,3,3,5,5,51,50,3
256,3,6,1,1,51,51,3
257,3,6,1,2,51,47,3
258,3,6,1,3,51,49,3
259,3,6,1,4,51,51,3
260,3,6,1,5,51,51,3
261,3,6,3,1,51,48,3
262,3,6,3,2,51,51,3
263,3,6,3,3,51,49,3
264,3,6,3,4,51,51,3
265,3,6,3,5,51,48,3
266,3,6,5,1,51,51,3
267,3,6,5,2,51,51,3
268,3,6,5,3,51,51,3
269,3,6,5,4,51,51,3
270,3,6,5,5,51,49,3
271,4,1,1,1,51,51,3
272,4,1,1,2,51,49,3
273,4,1,1,3,51,46,3
274,4,1,1,4,51,51,3
275,4,1,1,5,51,50,3
276,4,1,3,1,51,47,3
277,4,1,3,2,51,51,3
278,4,1,3,3,51,51,3
279,4,1,3,4,51,50,3
280,4,1,3,5,51,49,3
281,4,1,5,1,51,48,3
282,4,1,5,2,51,48,3
283,4,1,5,3,51,51,3
284,4,1,5,4,51,47,3
285,4,1,5,5,51,50,3
286,4,3,1,1,51,51,3
287,4,3,1,2,51,47,3
288,4,3,1,3,51,51,3
289,4,3,1,4,51,51,3
290,4,3,1,5,51,51,3
291,4,3,3,1,51,51,3
292,4,3,3,2,51,51,3
293,4,3,3,3,51,51,3
294,4,3,3,4,51,47,3
295,4,3,3,5,51,49,3
296,4,3,5,1,51,51,3
297,4,3,5,2,51,51,3
298,4,3,5,3,51,50,3
299,4,3,5,4,51,50,3
300,4,3,5,5,51,51,3
301,4,6,1,1,51,50,3
302,4,6,1,2,51,51,3
303,4,6,1,3,51,51,3
304,4,6,1,4,51,51,3
305,4,6,1,5,51,48,3
306,4,6,3,1,51,49,3
307,4,6,3,2,51,47,3
308,4,6,3,3,51,48,3
309,4,6,3,4,51,51,3
310,4,6,3,5,51,47,3
311,4,6,5,1,51,50,3
312,4,6,5,2,51,51,3
313,4,6,5,3,51,51,3
314,4,6,5,4,51,51,3
315,4,6,5,5,51,51,3
316,5,1,1,1,51,51,3
317,5,1,1,2,51,48,3
318,5,1,1,3,51,46,3
319,5,1,1,4,51,51,3
320,5,1,1,5,51,47,3
321,5,1,3,1,51,51,3
322,5,1,3,2,51,47,3
323,5,1,3,3,51,51,3
324,5,1,3,4,51,51,3
325,5,1,3,5,51,51,3
326,5,1,5,1,51,51,3
327,5,1,5,2,51,51,3
328,5,1,5,3,51,48,3
329,5,1,5,4,51,51,3
330,5,1,5,5,51,51,3
331,5,3,1,1,51,48,3
332,5,3,1,2,51,51,3
333,5,3,1,3,51,51,3
334,5,3,1,4,51,51,3
335,5,3,1,5,51,48,3
336,5,3,3,1,51,51,3
337,5,3,3,2,51,48,3
338,5,3,3,3,51,51,3
339,5,3,3,4,51,51,3
340,5,3,3,5,51,47,3
341,5,3,5,1,51,51,3
342,5,3,5,2,51,47,3
343,5,3,5,3,51,51,3
344,5,3,5,4,51,51,3
345,5,3,5,5,51,49,3
346,5,6,1,1,51,50,3
347,5,6,1,2,51,51,3
348,5,6,1,3,51,51,3
349,5,6,1,4,51,51,3
350,5,6,1,5,51,47,3
351,5,6,3,1,51,51,3
352,5,6,3,2,51,49,3
353,5,6,3,3,51,51,3
354,5,6,3,4,51,51,3
355,5,6,3,5,51,51,3
356,5,6,5,1,51,47,3
357,5,6,5,2,51,47,3
358,5,6,5,3,51,51,3
359,5,6,5,4,51,48,3
360,5,6,5,5,51,51,3
361,2,1,1,1,51,0,3
362,2,1,1,2,51,0,3
363,2,1,1,3,51,0,3
364,2,1,1,4,51,0,3
365,2,1,1,5,51,0,3
366,2,1,3,1,51,0,3
367,2,1,3,2,51,0,3
368,2,1,3,3,51,0,3
369,2,1,3,4,51,0,3
370,2,1,3,5,51,0,3
371,2,1,5,1,51,0,3
372,2,1,5,2,51,0,3
373,2,1,5,3,51,0,3
374,2,1,5,4,51,0,3
375,2,1,5,5,51,0,3
376,2,3,1,1,51,50,3
377,2,3,1,2,51,48,3
378,2,3,1,3,51,51,3
379,2,3,1,4,51,47,3
380,2,3,1,5,51,46,3
381,2,3,3,1,51,47,3
382,2,3,3,2,51,51,3
383,2,3,3,3,51,50,3
384,2,3,3,4,51,51,3
385,2,3,3,5,51,49,3
386,2,3,5,1,51,51,3
387,2,3,5,2,51,51,3
388,2,3,5,3,51,51,3
389,2,3,5,4,51,47,3
390,2,3,5,5,51,49,3
391,2,6,1,1,51,48,3
392,2,6,1,2,51,49,3
393,2,6,1,3,51,47,3
394,2,6,1,4,51,51,3
395,2,6,1,5,51,51,3
396,2,6,3,1,51,47,3
397,2,6,3,2,51,51,3
398,2,6,3,3,51,51,3
399,2,6,3,4,51,51,3
400,2,6,3,5,51,51,3
401,2,6,5,1,51,51,3
402,2,6,5,2,51,49,3
403,2,6,5,3,51,51,3
404,2,6,5,4,51,51,3
405,2,6,5,5,51,51,3
406,3,1,1,1,51,51,3
407,3,1,1,2,51,46,3
408,3,1,1,3,51,47,3
409,3,1,1,4,51,47,3
410,3,1,1,5,51,46,3
411,3,1,3,1,51,51,3
412,3,1,3,2,51,51,3
413,3,1,3,3,51,51,3
414,3,1,3,4,51,51,3
415,3,1,3,5,51,51,3
416,3,1,5,1,51,51,3
417,3,1,5,2,51,48,3
418,3,1,5,3,51,47,3
419,3,1,5,4,51,47,3
420,3,1,5,5,51,51,3
421,3,3,1,1,51,51,3
422,3,3,1,2,51,50,3
423,3,3,1,3,51,48,3
424,3,3,1,4,51,51,3
425,3,3,1,5,51,46,3
426,3,3,3,1,51,47,3
427,3,3,3,2,51,51,3
428,3,3,3,3,51,51,3
429,3,3,3,4,51,51,3
430,3,3,3,5,51,48,3
431,3,3,5,1,51,51,3
432,3,3,5,2,51,51,3
433,3,3,5,3,51,49,3
434,3,3,5,4,51,51,3
435,3,3,5,5,51,51,3
436,3,6,1,1,51,51,3
437,3,6,1,2,51,51,3
438,3,6,1,3,51,49,3
439,3,6,1,4,51,51,3
440,3,6,1,5,51,51,3
441,3,6,3,1,51,47,3
442,3,6,3,2,51,49,3
443,3,6,3,3,51,49,3
444,3,6,3,4,51,51,3
445,3,6,3,5,51,49,3
446,3,6,5,1,51,50,3
447,3,6,5,2,51,51,3
448,3,6,5,3,51,51,3
449,3,6,5,4,51,51,3
450,3,6,5,5,51,51,3
451,4,1,1,1,51,51,3
452,4,1,1,2,51,51,3
453,4,1,1,3,51,51,3
454,4,1,1,4,51,46,3
455,4,1,1,5,51,49,3
456,4,1,3,1,51,51,3
457,4,1,3,2,51,48,3
458,4,1,3,3,51,51,3
459,4,1,3,4,51,51,3
460,4,1,3,5,51,51,3
461,4,1,5,1,51,51,3
462,4,1,5,2,51,51,3
463,4,1,5,3,51,51,3
464,4,1,5,4,51,50,3
465,4,1,5,5,51,51,3
466,4,3,1,1,51,50,3
467,4,3,1,2,51,49,3
468,4,3,1,3,51,49,3
469,4,3,1,4,51,46,3
470,4,3,1,5,51,50,3
471,4,3,3,1,51,51,3
472,4,3,3,2,51,48,3
473,4,3,3,3,51,47,3
474,4,3,3,4,51,51,3
475,4,3,3,5,51,48,3
476,4,3,5,1,51,51,3
477,4,3,5,2,51,48,3
478,4,3,5,3,51,51,3
479,4,3,5,4,51,51,3
480,4,3,5,5,51,50,3
481,4,6,1,1,51,46,3
482,4,6,1,2,51,51,3
483,4,6,1,3,51,47,3
484,4,6,1,4,51,51,3
485,4,6,1,5,51,46,3
486,4,6,3,1,51,47,3
487,4,6,3,2,51,51,3
488,4,6,3,3,51,51,3
489,4,6,3,4,51,49,3
490,4,6,3,5,51,51,3
491,4,6,5,1,51,47,3
492,4,6,5,2,51,51,3
493,4,6,5,3,51,51,3
494,4,6,5,4,51,48,3
495,4,6,5,5,51,51,3
496,5,1,1,1,51,51,3
497,5,1,1,2,51,51,3
498,5,1,1,3,51,48,3
499,5,1,1,4,51,51,3
500,5,1,1,5,51,51,3
501,5,1,3,1,51,51,3
502,5,1,3,2,51,51,3
503,5,1,3,3,51,51,3
504,5,1,3,4,51,51,3
505,5,1,3,5,51,47,3
506,5,1,5,1,51,51,3
507,5,1,5,2,51,51,3
508,5,1,5,3,51,48,3
509,5,1,5,4,51,51,3
510,5,1,5,5,51,50,3
511,5,3,1,1,51,51,3
512,5,3,1,2,51,51,3
513,5,3,1,3,51,46,3
514,5,3,1,4,51,51,3
515,5,3,1,5,51,51,3
516,5,3,3,1,51,51,3
517,5,3,3,2,51,51,3
518,5,3,3,3,51,47,3
519,5,3,3,4,51,51,3
520,5,3,3,5,51,51,3
521,5,3,5,1,51,51,3
522,5,3,5,2,51,51,3
523,5,3,5,3,51,50,3
524,5,3,5,4,51,49,3
525,5,3,5,5,51,51,3
526,5,6,1,1,51,48,3
527,5,6,1,2,51,51,3
528,5,6,1,3,51,51,3
529,5,6,1,4,51,46,3
530,5,6,1,5,51,50,3
531,5,6,3,1,51,51,3
532,5,6,3,2,51,49,3
533,5,6,3,3,51,47,3
534,5,6,3,4,51,51,3
535,5,6,3,5,51,51,3
536,5,6,5,1,51,50,3
537,5,6,5,2,51,48,3
538,5,6,5,3,51,48,3
539,5,6,5,4,51,50,3
540,5,6,5,5,51,51,3
541,2,1,1,2,51,0,3
542,2,1,1,3,51,0,3
543,2,1,1,4,51,0,3
544,2,1,1,5,51,0,3
545,2,1,3,1,51,0,3
546,2,1,3,2,51,0,3
547,2,1,3,3,51,0,3
548,2,1,3,4,51,0,3
549,2,1,3,5,51,0,3
550,2,1,5,1,51,0,3
551,2,1,5,2,51,0,3
552,2,1,5,3,51,0,3
553,2,1,5,4,51,0,3
554,2,1,5,5,51,0,3
555,2,3,1,1,51,51,3
556,2,3,1,2,51,47,3
557,2,3,1,3,51,47,3
558,2,3,1,4,51,51,3
559,2,3,1,5,51,48,3
560,2,3,3,1,51,48,3
561,2,3,3,2,51,49,3
562,2,3,3,3,51,51,3
563,2,3,3,4,51,50,3
564,2,3,3,5,51,50,3
565,2,3,5,1,51,51,3
566,2,3,5,2,51,51,3
567,2,3,5,3,51,51,3
568,2,3,5,4,51,49,3
569,2,3,5,5,51,49,3
570,2,6,1,1,51,46,3
571,2,6,1,2,51,50,3
572,2,6,1,3,51,49,3
573,2,6,1,4,51,51,3
574,2,6,1,5,51,51,3
575,2,6,3,1,51,49,3
576,2,6,3,2,51,48,3
577,2,6,3,3,51,51,3
578,2,6,3,4,51,51,3
579,2,6,3,5,51,51,3
580,2,6,5,1,51,51,3
581,2,6,5,2,51,51,3
582,2,6,5,3,51,51,3
583,2,6,5,4,51,50,3
584,2,6,5,5,51,51,3
585,3,1,1,1,51,51,3
586,3,1,1,2,51,51,3
587,3,1,1,3,51,51,3
588,3,1,1,4,51,50,3
589,3,1,1,5,51,47,3
590,3,1,3,1,51,51,3
591,3,1,3,2,51,47,3
592,3,1,3,3,51,51,3
593,3,1,3,4,51,51,3
594,3,1,3,5,51,48,3
595,3,1,5,1,51,47,3
596,3,1,5,2,51,47,3
597,3,1,5,3,51,47,3
598,3,1,5,4,51,51,3
599,3,1,5,5,51,47,3
600,3,3,1,1,51,51,3
601,3,3,1,2,51,46,3
602,3,3,1,3,51,50,3
603,3,3,1,4,51,51,3
604,3,3,1,5,51,47,3
605,3,3,3,1,51,48,3
606,3,3,3,2,51,47,3
607,3,3,3,3,51,51,3
608,3,3,3,4,51,51,3
609,3,3,3,5,51,48,3
610,3,3,5,1,51,49,3
611,3,3,5,2,51,49,3
612,3,3,5,3,51,51,3
613,3,3,5,4,51,48,3
614,3,3,5,5,51,51,3
615,3,6,1,1,51,46,3
616,3,6,1,2,51,49,3
617,3,6,1,3,51,51,3
618,3,6,1,4,51,49,3
619,3,6,1,5,51,50,3
620,3,6,3,1,51,48,3
621,3,6,3,2,51,48,3
622,3,6,3,3,51,48,3
623,3,6,3,4,51,50,3
624,3,6,3,5,51,49,3
625,3,6,5,1,51,50,3
626,3,6,5,2,51,49,3
627,3,6,5,3,51,50,3
628,3,6,5,4,51,51,3
629,3,6,5,5,51,48,3
630,4,1,1,1,51,48,3
631,4,1,1,2,51,47,3
632,4,1,1,3,51,49,3
633,4,1,1,4,51,48,3
634,4,1,1,5,51,51,3
635,4,1,3,1,51,50,3
636,4,1,3,2,51,48,3
637,4,1,3,3,51,48,3
638,4,1,3,4,51,51,3
639,4,1,3,5,51,51,3
640,4,1,5,1,51,51,3
641,4,1,5,2,51,51,3
642,4,1,5,3,51,51,3
643,4,1,5,4,51,48,3
644,4,1,5,5,51,51,3
645,4,3,1,1,51,51,3
646,4,3,1,2,51,46,3
647,4,3,1,3,51,51,3
648,4,3,1,4,51,51,3
649,4,3,1,5,51,51,3
650,4,3,3,1,51,51,3
651,4,3,3,2,51,47,3
652,4,3,3,3,51,51,3
653,4,3,3,4,51,48,3
654,4,3,3,5,51,50,3
655,4,3,5,1,51,50,3
656,4,3,5,2,51,51,3
657,4,3,5,3,51,49,3
658,4,3,5,4,51,49,3
659,4,3,5,5,51,51,3
660,4,6,1,1,51,51,3
661,4,6,1,2,51,51,3
662,4,6,1,3,51,51,3
663,4,6,1,4,51,51,3
664,4,6,1,5,51,48,3
665,4,6,3,1,51,49,3
666,4,6,3,2,51,48,3
667,4,6,3,3,51,49,3
668,4,6,3,4,51,51,3
669,4,6,3,5,51,51,3
670,4,6,5,1,51,50,3
671,4,6,5,2,51,51,3
672,4,6,5,3,51,50,3
673,4,6,5,4,51,51,3
674,4,6,5,5,51,51,3
675,5,1,1,1,51,49,3
676,5,1,1,2,51,47,3
677,5,1,1,3,51,46,3
678,5,1,1,4,51,50,3
679,5,1,1,5,51,50,3
680,5,1,3,1,51,49,3
681,5,1,3,2,51,49,3
682,5,1,3,3,51,50,3
683,5,1,3,4,51,50,3
684,5,1,3,5,51,50,3
685,5,1,5,1,51,51,3
686,5,1,5,2,51,48,3
687,5,1,5,3,51,51,3
688,5,1,5,4,51,51,3
689,5,1,5,5,51,51,3
690,5,3,1,1,51,49,3
691,5,3,1,2,51,50,3
692,5,3,1,3,51,47,3
693,5,3,1,4,51,48,3
694,5,3,1,5,51,46,3
695,5,3,3,1,51,48,3
696,5,3,3,2,51,51,3
697,5,3,3,3,51,51,3
698,5,3,3,4,51,48,3
699,5,3,3,5,51,47,3
700,5,3,5,1,51,50,3
701,5,3,5,2,51,51,3
702,5,3,5,3,51,48,3
703,5,3,5,4,51,47,3
704,5,3,5,5,51,51,3
705,5,6,1,1,51,49,3
706,5,6,1,2,51,48,3
707,5,6,1,3,51,49,3
708,5,6,1,4,51,47,3
709,5,6,1,5,51,49,3
710,5,6,3,1,51,48,3
711,5,6,3,2,51,51,3
712,5,6,3,3,51,51,3
713,5,6,3,4,51,51,3
714,5,6,3,5,51,47,3
715,5,6,5,1,51,51,3
716,5,6,5,2,51,51,3
717,5,6,5,3,51,50,3
718,5,6,5,4,51,51,3
719,5,6,5,5,51,49,3
